{"seed": 42, "_timestamp": 1711590525.970089, "_runtime": 3.768112897872925, "_step": 0, "_wandb": {"runtime": 16}}