{"seed": 42, "_timestamp": 1711593312.118318, "_runtime": 176.05388712882996, "_step": 21, "Epoch": 10, "Encoder Training Loss": 0.001953887939453125, "Viewmaker Training Loss": -0.0008888170334103052, "Viewmaker Validation Loss": -0.0013767813943559304, "Encoder Validation Loss": 0.003026580810546875, "Example View": {"_type": "image-file", "sha256": "2dc8d53e516eadb6f2ff6f0c8f7b5f0d0967d93d17696d79238201bcb3a5cc74", "size": 68442, "path": "media/images/Example View_21_2dc8d53e516eadb6f2ff.png", "format": "png", "width": 640, "height": 480}, "_wandb": {"runtime": 179}}