{"seed": 42, "_timestamp": 1711725339.189719, "_runtime": 12272.23323893547, "_step": 2, "Epoch": 1, "Encoder Training Loss": 0.037928644893690945, "Viewmaker Training Loss": -0.009963755168428179, "Viewmaker Validation Loss": 0.0025795505847781897, "Encoder Validation Loss": -0.00981947649270296}