{"seed": 42, "_timestamp": 1711593116.425375, "_runtime": 87.21952390670776, "_step": 21, "Epoch": 10, "Encoder Training Loss": 0.0002155303955078125, "Viewmaker Training Loss": -6.118427954788785e-05, "Viewmaker Validation Loss": -6.908950417710003e-05, "Encoder Validation Loss": 0.000243377685546875, "Example View": {"_type": "image-file", "sha256": "91f0e375da21e0253cd67bddb43e78fea67e666d78c3136c6a9676d547d531c9", "size": 75464, "path": "media/images/Example View_21_91f0e375da21e0253cd6.png", "format": "png", "width": 640, "height": 480}, "_wandb": {"runtime": 89}}