{"seed": 42, "_timestamp": 1711712026.2458801, "_runtime": 13014.770462036133, "_step": 25, "Epoch": 10, "Encoder Training Loss": 3.6875407022307624e-05, "Viewmaker Training Loss": -1.295335987379076e-05, "Viewmaker Validation Loss": 0.020147478252783912, "Encoder Validation Loss": -0.057355499267578124, "Example View": {"_type": "image-file", "sha256": "548720f8b791f98115edb0664bcd8e75955cecdfeb617302f8b78d2d5beb23af", "size": 80182, "path": "media/images/Example View_21_548720f8b791f98115ed.png", "format": "png", "width": 640, "height": 480}, "Post Hoc Epoch": 2, "Post Hoc Training Loss": 0.6613025201691521, "Post Hoc Validation Loss": 0.6576803790198432, "Validation Accuracy": 0.7870370370370371, "Validation F1": 0.0, "Validation AUC": 0.5, "_wandb": {"runtime": 13099}}