{"seed": 42, "_timestamp": 1711713033.90868, "_runtime": 897.0088138580322, "_step": 21, "Epoch": 10, "Encoder Training Loss": 2.96592693302955e-05, "Viewmaker Training Loss": -8.520672145095886e-06, "Viewmaker Validation Loss": -6.0640160882030615e-06, "Encoder Validation Loss": 2.1107991301505535e-05, "Example View": {"_type": "image-file", "sha256": "f70935171cb4626722a0adf81652c368e52fb19d8da1af557594663e7b9c9509", "size": 78827, "path": "media/images/Example View_21_f70935171cb4626722a0.png", "format": "png", "width": 640, "height": 480}, "_wandb": {"runtime": 907}}