{"seed": 42, "_timestamp": 1711590435.664238, "_runtime": 3.9534339904785156, "_step": 0, "_wandb": {"runtime": 21}}