{"seed": 42, "_timestamp": 1711698974.183151, "_runtime": 431.3223259449005, "_step": 31, "Epoch": 10, "Encoder Training Loss": 0.42244605123996737, "Viewmaker Training Loss": -0.15728834718465806, "Viewmaker Validation Loss": -0.06441669203341008, "Encoder Validation Loss": 0.17301076464354992, "Example View": {"_type": "image-file", "sha256": "03821c80eadbc65c35e3c05458406e781100c5ebf210f9e2f058768989dd4fef", "size": 69383, "path": "media/images/Example View_21_03821c80eadbc65c35e3.png", "format": "png", "width": 640, "height": 480}, "Post Hoc Epoch": 5, "Post Hoc Training Loss": 0.43668266468577915, "Post Hoc Validation Loss": 0.4640183299779892, "Validation Accuracy": 0.7870370370370369, "Validation F1": 0.0, "Validation AUC": 0.5, "_wandb": {"runtime": 449}}