{"seed": 42, "_timestamp": 1711119607.898693, "_runtime": 26.517417192459106, "_step": 13, "Epoch": 4, "Encoder Training Loss": -0.012500000186264515, "Viewmaker Training Loss": 0.0062500000931322575, "Viewmaker Validation Loss": -0.0011718750465661287, "Encoder Validation Loss": 0.0023437500931322575, "Example View": {"_type": "image-file", "sha256": "35bd86115f4cf15fcf1c2a9227ff522dbafe8b8f6ec91c83878a92b5e3ec8bb7", "size": 72452, "path": "media/images/Example View_9_35bd86115f4cf15fcf1c.png", "format": "png", "width": 640, "height": 480}, "Post Hoc Epoch": 2, "Post Hoc Training Loss": 0.6751738786697388, "Post Hoc Validation Loss": 0.6509617567062378, "Validation Accuracy": 0.9, "Validation F1": 0.0, "Validation AUC": 0.5, "_wandb": {"runtime": 24}}