{"seed": 42, "_timestamp": 1711592734.8679109, "_runtime": 118.04731178283691, "_step": 21, "Epoch": 10, "Encoder Training Loss": 0.001876068115234375, "Viewmaker Training Loss": -0.0006376685487339273, "Viewmaker Validation Loss": -0.0005878790543647483, "Encoder Validation Loss": 0.001729583740234375, "Example View": {"_type": "image-file", "sha256": "4de69dd233bbba59ac5258fc293b193b9b01b2c48f2bddceb056bec971be53c0", "size": 80984, "path": "media/images/Example View_21_4de69dd233bbba59ac52.png", "format": "png", "width": 640, "height": 480}, "_wandb": {"runtime": 120}}