{"seed": 42, "_timestamp": 1711927597.2097778, "_runtime": 6.539275884628296, "_step": 0}