{"seed": 42, "_timestamp": 1711698508.016778, "_runtime": 966.5157639980316, "_step": 21, "Epoch": 10, "Encoder Training Loss": 0.011811319831758737, "Viewmaker Training Loss": -0.008138693170621991, "Viewmaker Validation Loss": -0.0031969303265213965, "Encoder Validation Loss": 0.004639561846852302, "Example View": {"_type": "image-file", "sha256": "e9dfa032ae66e1bdd83ba1fa8887f7109eb91445db608946257a66ae3c896569", "size": 71302, "path": "media/images/Example View_21_e9dfa032ae66e1bdd83b.png", "format": "png", "width": 640, "height": 480}, "_wandb": {"runtime": 975}}