{"seed": 42, "_timestamp": 1711595450.600553, "_runtime": 263.43133091926575, "_step": 21, "Epoch": 10, "Encoder Training Loss": 0.008984375, "Viewmaker Training Loss": -0.0044921875, "Viewmaker Validation Loss": -0.0009765625, "Encoder Validation Loss": 0.001953125, "Example View": {"_type": "image-file", "sha256": "0ad280a44f2ba29a3d958c38497fee372eb499cdb81cc145855a2567c91c713d", "size": 73806, "path": "media/images/Example View_21_0ad280a44f2ba29a3d95.png", "format": "png", "width": 640, "height": 480}, "_wandb": {"runtime": 266}}