{"seed": 42, "_timestamp": 1711928001.110362, "_runtime": 4.916141986846924, "_step": 0, "_wandb": {"runtime": 5}}