{"seed": 42, "_timestamp": 1711118552.426795, "_runtime": 5.848731994628906, "_step": 0, "_wandb": {"runtime": 39}}