{"seed": 42, "_timestamp": 1711590066.229781, "_runtime": 3.635680913925171, "_step": 0}