{"seed": 42, "_timestamp": 1711592595.0252721, "_runtime": 95.57386922836304, "_step": 21, "Epoch": 10, "Encoder Training Loss": 0.00670623779296875, "Viewmaker Training Loss": -0.0046209916472435, "Viewmaker Validation Loss": -0.00132110946578905, "Encoder Validation Loss": 0.001917266845703125, "Example View": {"_type": "image-file", "sha256": "b2309d1b4a4cab81c3422d4c104f8f04efe84356a0da40a26fe2c590d84d0ddb", "size": 73620, "path": "media/images/Example View_21_b2309d1b4a4cab81c342.png", "format": "png", "width": 640, "height": 480}, "_wandb": {"runtime": 101}}