{"seed": 42, "_timestamp": 1711591585.219517, "_runtime": 6.042907953262329, "_step": 2, "Example View": {"_type": "image-file", "sha256": "e39456ac32f954e4ec1ef4ea12a65f1db872c6db5bbeac53aac57e88e11b0d19", "size": 66428, "path": "media/images/Example View_1_e39456ac32f954e4ec1e.png", "format": "png", "width": 640, "height": 480}, "Post Hoc Accuracy": 0.7, "Post Hoc F1": 0.0, "Post Hoc AUC": 0.5, "_wandb": {"runtime": 5}}