{"seed": 42, "_timestamp": 1711593004.2189791, "_runtime": 243.40741515159607, "_step": 21, "Epoch": 10, "Encoder Training Loss": 1.1444091796875e-06, "Viewmaker Training Loss": -3.1710585517430446e-07, "Viewmaker Validation Loss": -1.5855292758715223e-07, "Encoder Validation Loss": 5.7220458984375e-07, "Example View": {"_type": "image-file", "sha256": "aabfea462cccd23a3dc3d41b2eee83f3240093d25b1093c9f546c439b6dd12f5", "size": 71884, "path": "media/images/Example View_21_aabfea462cccd23a3dc3.png", "format": "png", "width": 640, "height": 480}, "_wandb": {"runtime": 249}}