{"seed": 42, "_timestamp": 1711697158.1766222, "_runtime": 22.762633085250854, "_step": 0, "_wandb": {"runtime": 132}}