{"seed": 42, "_timestamp": 1711927422.4937541, "_runtime": 4.152848243713379, "_step": 0}