{"seed": 42, "_timestamp": 1711591748.906751, "_runtime": 109.89239287376404, "_step": 9, "Epoch": 4, "Encoder Training Loss": 0.5021484375, "Viewmaker Training Loss": -0.25107421875, "Viewmaker Validation Loss": -0.073046875, "Encoder Validation Loss": 0.14609375, "Example View": {"_type": "image-file", "sha256": "bb8216e167abb48792a9bb69559b035f05bbb87539894ea831f6a8d6eaf8b665", "size": 76175, "path": "media/images/Example View_9_bb8216e167abb48792a9.png", "format": "png", "width": 640, "height": 480}, "_wandb": {"runtime": 112}}